url,label
http://micros0ft.com.top/secure-login,phish
http://service58.verify.cc/?id=845201,phish
http://181.28.17.91/~verify/index.html&sess=79C12E0A246F2D5C6551,phish
https://amazon.login.example.cc/signin.php?user=493,phish
https://studyonline.co/products/item527,legit
https://facebook.account.hosted.biz/signin.php?user=963&sess=DA0F741531D2F9663C69,phish
http://applle.com.online/secure-login,phish
https://secure-portal.online/auth.php?token=7so8w5038hvqrhofu1wsgy7vcneas6y3vg6v5t1d&redirect=http%3A%2F%2Flogin.com,phish
https://google.secure.web.info/signin.php?user=314,phish
https://doccenter54.net,legit
http://webmail.verify.club/?id=366431&sess=4A48C389672AE7E68B3A,phish
https://marketplace.co/products/item913,legit
https://apple.account.hosted.cc/signin.php?user=543,phish
https://paypal.verify.hosted.top/signin.php?user=694&sess=425372494E15656F5F4C,phish
https://google.account.example.biz/signin.php?user=865,phish
https://secure-verify.xyz/auth.php?token=lznkq5a36e1jqqxf2a8jc3mzwty257wuqq4tndnq&redirect=http%3A%2F%2Fmalicious.com,phish
https://techworld.net/blog/26,legit
http://webmailsignin.info/?id=289776,phish
https://account-426.biz/auth.php?token=8lxsol15m9gqjanqs334kccnjdgjkcsw7a23hotp&redirect=http%3A%2F%2Flogin.com,phish
https://travelguide.edu/about,legit
http://g00gle.com.online/secure-login&sess=052F564C14ADE3BD564C,phish
https://mediapoint.org,legit
https://doccenter.com/products/item172,legit
http://amaz0n.com.biz/secure-login,phish
https://studyonline.co/products/item876,legit
https://studyonline.edu/,legit
https://doccenter90.net/about,legit
http://237.115.216.140/~admin/index.html,phish
http://login6.signin.cc/?id=492074,phish
https://apple.login.web.online/signin.php?user=207,phish
https://cityportal.org/blog/292,legit
https://homegoods90.org/products/item586,legit
http://update-account.online/?id=756326,phish
https://schoolportal.net/,legit
https://artgallery.io/contact,legit
https://community23.org/search?q=product,legit
https://account-957.info/auth.php?token=jqenbd0v0njj63xvfiud99xro37u9ssbu7ge3ai6&redirect=http%3A%2F%2Fmalicious.com,phish
https://google.login.hosted.club/signin.php?user=130&sess=F0EBF6FDCBDA8DD8DB3A,phish
https://paypal.login.web.online/signin.php?user=964,phish
https://techworld.gov/contact,legit
https://learnhub.edu/about,legit
https://travelguide.gov/blog/7,legit
https://bestshop38.edu/user/profile/3875,legit
http://account-secure-login.biz/?id=425235,phish
https://studyonline91.org/blog/251,legit
https://foodcorner54.org/user/profile/6364,legit
http://120.241.25.47/~admin/index.html,phish
http://secure.secure-login.top/?id=533130,phish
https://openlibrary8.net,legit
https://secure-bank.top/auth.php?token=1sd44wl8mdzfwqvalbna0236qk3qhad3m6jr8fl9&redirect=http%3A%2F%2Flogin.com,phish
http://micros0ft.com.biz/secure-login,phish
http://241.38.83.38/~admin/index.html,phish
https://bestshop.edu/user/profile/3126,legit
https://paypal.secure.web.xyz/signin.php?user=831&sess=2CB1C4D0E0C6B17CF0F7,phish
https://datasource.edu/blog/41,legit
https://greenmarket.gov/about,legit
http://banking-securesecure-login.biz/?id=328909,phish
https://techworld.io/products,legit
https://foodcorner.org,legit
https://secure-update.biz/auth.php?token=7g8yfh3xdvq8pkd2krcnebcxiijcdgghohs5ok6b&redirect=http%3A%2F%2Flogin.com,phish
https://marketplace95.gov/about,legit
https://cityportal.net/about,legit
https://secure-portal.biz/auth.php?token=kr3kvr0i2fkxwexkg6xb1r8vnrpjy93n0ajufqym&redirect=http%3A%2F%2Fmalicious.com,phish
https://artgallery.io/products,legit
https://account-775.site/auth.php?token=j4kii1nq0ei05nms6xvqpu3et1ovejklcp9uw165&redirect=http%3A%2F%2Fmalicious.com&sess=285CA059C788F025B883,phish
http://93.115.159.86/~admin/index.html,phish
http://webmail.signin.xyz/?id=305803,phish
http://secure-secure.account.online/?id=297991,phish
https://studyonline.gov/about,legit
https://account-377.info/auth.php?token=tmfek2o7fhs32uy84zz2p6eeamyfp9s8gk0eeyyl&redirect=http%3A%2F%2Fmalicious.com,phish
https://mediapoint.gov/user/profile/9595,legit
https://mediapoint56.org/about,legit
http://50.156.8.138/~login/index.html,phish
http://200.164.224.82/~verify/index.html,phish
https://researchlab.gov/,legit
https://marketplace39.edu/search?q=product,legit
http://webmail48verify.xyz/?id=357284,phish
https://researchlab8.gov/user/profile/1821,legit
http://service.secure-login.biz/?id=983981,phish
https://studyonline.gov/search?q=product,legit
https://secure-verify.online/auth.php?token=8waceqrq6b0ji1t3uzzzulyzlgjvbvxvr62tricq&redirect=http%3A%2F%2Fphish.com,phish
https://studyonline42.io/about,legit
https://cityportal66.edu/blog/164,legit
https://streamline49.gov/products/item767,legit
https://marketplace.org/user/profile/8454,legit
https://wallet.account.web.biz/signin.php?user=679&sess=32B43621B36F75658DBD,phish
https://wallet.verify.example.biz/signin.php?user=622,phish
http://payment-secure.secure-login.club/?id=638640,phish
http://secure-secure.secure-login.club/?id=510771&sess=4A964CAD8419FE156744,phish
https://openlibrary49.io/products,legit
https://marketplace11.com/,legit
https://community26.gov/,legit
http://paypa1.com.biz/secure-login,phish
https://foodcorner43.co/products/item131,legit
https://account-907.top/auth.php?token=f3g1puxjcn0cl5nkdi2qg6tuq54x1i5482q78e5s&redirect=http%3A%2F%2Fmalicious.com,phish
https://studyonline65.co,legit
http://g00gle.com.biz/secure-login&sess=E2027940C34C8634FB82,phish
https://homegoods.net/products/item346,legit
https://artgallery.edu/products/item195,legit
http://106.195.255.78/~login/index.html,phish
https://secure-bank.xyz/auth.php?token=utt52lk3tw0j49to5a7qnaabmoyd52mh68ndju39&redirect=http%3A%2F%2Flogin.com,phish
https://greenmarket.net,legit
http://payment-verify.cc/?id=702702,phish
https://community.edu/blog/135,legit
http://24.81.239.231/~admin/index.html&sess=CE0C9649F59B36A80C7D,phish
https://secure-portal.info/auth.php?token=r6zl1khw8gakh3ycqe8xavmnkw7wvy9rmjr211pv&redirect=http%3A%2F%2Fphish.com&sess=1812B55815D9AE67D0AC,phish
https://facebook.verify.example.top/signin.php?user=389,phish
http://micros0ft.com.biz/secure-login&sess=0FA0C4BB69719B3123D7,phish
https://datasource.org,legit
https://apple.account.web.online/signin.php?user=322&sess=C1D9952A9C549375205A,phish
http://update-portal-signin.cc/?id=644951,phish
http://220.125.180.7/~login/index.html,phish
https://secure-verify.biz/auth.php?token=k2rqmfswpy6efidxwihdrg8ygj9ks1k0dh3eigbr&redirect=http%3A%2F%2Fmalicious.com&sess=663D7B1992121CD9092C,phish
https://secure.secure.web.top/signin.php?user=629,phish
https://cityportal69.com,legit
https://artgallery25.gov/about,legit
https://cityportal.edu,legit
https://google.verify.example.top/signin.php?user=995&sess=0A0909CC714C89B69C90,phish
http://26.66.168.150/~admin/index.html,phish
https://datasource.gov/blog/98,legit
http://116.111.115.68/~verify/index.html,phish
https://community.io/products,legit
https://account-143.club/auth.php?token=us7psill0no8ol0v0hxef73ggaybfjh9krs51zeq&redirect=http%3A%2F%2Flogin.com,phish
https://travelguide.com/blog/72,legit
https://artgallery.io/products/item895,legit
http://154.65.215.175/~admin/index.html,phish
http://210.74.90.225/~login/index.html&sess=9A298AF777EC798D7AC9,phish
https://community.org/about,legit
http://secure7verify.info/?id=231543,phish
https://secure-bank.xyz/auth.php?token=o9gb1xac9m2zeh9h72iq4lu1by4iyv0n1smp85y7&redirect=http%3A%2F%2Flogin.com,phish
https://secure-portal.info/auth.php?token=h36motcg06xr3urmwuecpncc2keivli77jzc58cu&redirect=http%3A%2F%2Flogin.com,phish
https://secure.secure.web.site/signin.php?user=741,phish
https://streamline.co/,legit
https://secure-verify.biz/auth.php?token=58ng0dlhxbaac6qdcv2iyq9gntdwhmbun6xbelko&redirect=http%3A%2F%2Fmalicious.com&sess=A5B413B9F969A95599DD,phish
https://account-480.online/auth.php?token=hke226parsg70s1f537ye0qzsa7yvdqbsxlul6lg&redirect=http%3A%2F%2Fphish.com,phish
https://techworld46.co/about,legit
https://schoolportal.org,legit
https://homegoods.gov/user/profile/5128,legit
https://mediapoint.co/search?q=product,legit
https://community99.com/products/item467,legit
https://foodcorner.gov,legit
https://streamline.edu/contact,legit
http://paypa1.com.info/secure-login&sess=3A9279E4FB5AA27675AF,phish
https://marketplace84.gov,legit
http://payment-online-secure-login.online/?id=310683,phish
http://payment-portal.signin.online/?id=523565,phish
http://g00gle.com.xyz/secure-login&sess=E38BAFD4489FCC4ADCA4,phish
https://greenmarket.co/contact,legit
http://g00gle.com.info/secure-login,phish
https://artgallery10.edu/search?q=product,legit
http://42.96.169.231/~admin/index.html,phish
https://schoolportal47.edu/contact,legit
https://wallet.login.example.biz/signin.php?user=292,phish
https://learnhub.com/products/item604,legit
https://secure-update.cc/auth.php?token=rz3rj4biohk0veyd5mlgmxzzxheuoys78yp5ssm0&redirect=http%3A%2F%2Fmalicious.com,phish
https://datasource34.co/blog/16,legit
https://community.gov,legit
https://amazon.login.hosted.info/signin.php?user=384,phish
https://healthcare36.net/search?q=product,legit
http://239.67.43.19/~verify/index.html&sess=50E36E3AA59B868E13E4,phish
https://secure.account.web.info/signin.php?user=543,phish
https://account-663.online/auth.php?token=tu2aqhknqjge0utx7r07vppm86cxotx76d2kjrzc&redirect=http%3A%2F%2Flogin.com,phish
https://google.verify.web.cc/signin.php?user=553,phish
http://bankingverify.site/?id=150309,phish
http://g00gle.com.biz/secure-login&sess=F6A374A6DA5308F2B05E,phish
http://service.verify.site/?id=131394&sess=B23EE37F16727944AF4E,phish
https://marketplace.org/about,legit
http://192.36.125.76/~admin/index.html,phish
https://cityportal.org/about,legit
https://studyonline.com/blog/172,legit
https://foodcorner18.co/products,legit
https://studyonline.com/user/profile/4811,legit
https://community.com/blog/146,legit
http://16.22.248.50/~verify/index.html,phish
https://healthcare86.gov,legit
https://marketplace51.co/blog/16,legit
https://travelguide.com/products,legit
https://travelguide71.edu/,legit
http://login-verify.info/?id=169774,phish
http://applle.com.online/secure-login&sess=6EBE644CFA49CEC735F9,phish
https://greenmarket.edu/contact,legit
http://securesignin.club/?id=334784&sess=1216851FC800D64A3E69,phish
https://learnhub26.edu/blog/93,legit
http://applle.com.cc/secure-login,phish
https://google.verify.web.biz/signin.php?user=326,phish
https://studyonline76.edu/blog/251,legit
https://doccenter11.net/user/profile/8520,legit
https://researchlab11.co,legit
http://servicesecure-login.club/?id=606123&sess=26AD9A7745F40CBF8975,phish
http://account-verify.cc/?id=733674,phish
https://secure-portal.cc/auth.php?token=zg1igae7utei5cqom3oqcez5xtebi7t9p2jmw6i4&redirect=http%3A%2F%2Fmalicious.com,phish
http://verify.verify.top/?id=711135,phish
https://secure.account.example.top/signin.php?user=114&sess=C72184A760660C313595,phish
https://schoolportal46.com,legit
https://learnhub44.gov,legit
https://learnhub31.org/,legit
https://healthcare.com,legit
https://community.net/products,legit
https://secure-portal.club/auth.php?token=x2bd2fmoqxhglg4p0ft1afdtohrnqi7nl7olky5v&redirect=http%3A%2F%2Flogin.com,phish
https://techworld36.co/about,legit
https://healthcare43.com/blog/122,legit
http://g00gle.com.club/secure-login&sess=0D584FB45CD531B2E271,phish
http://174.12.92.63/~login/index.html,phish
https://secure-portal.cc/auth.php?token=1yf0dwwn6mbypjdfaw1lxxd8t18s1saxt8jh34ud&redirect=http%3A%2F%2Flogin.com,phish
http://verify53secure-login.club/?id=328075,phish
https://apple.account.hosted.info/signin.php?user=404,phish
https://learnhub.edu/products,legit
http://secureverify.info/?id=264230&sess=718034CC0F2B6CE9D26F,phish
https://studyonline.com/,legit
https://account-452.xyz/auth.php?token=44fbv46mu62oedr9rlqk0pqs2fnukm7y1uvjytmp&redirect=http%3A%2F%2Fphish.com&sess=286137881FA438001386,phish
https://healthcare43.edu/search?q=product,legit
https://community17.edu/blog/170,legit
http://168.185.173.84/~verify/index.html,phish
https://secure-bank.club/auth.php?token=y0xa0rk8cjre5c5jo5l02moyqj3izbt1kt7ga8sr&redirect=http%3A%2F%2Fmalicious.com,phish
http://paypa1.com.top/secure-login&sess=E2A910096E7202964E3A,phish
https://learnhub.gov/about,legit
http://paypa1.com.cc/secure-login,phish
https://marketplace22.gov,legit
https://amazon.secure.web.cc/signin.php?user=755&sess=46C8384946142198E4D8,phish
http://confirm81verify.info/?id=701530,phish
https://techworld.io/,legit
https://amazon.secure.hosted.club/signin.php?user=266&sess=EB06BA7AB805659506D7,phish
http://service15verify.top/?id=177087,phish
https://learnhub20.net/about,legit
https://microsoft.account.example.biz/signin.php?user=329&sess=2AA963B7AFCBE176836F,phish
https://techworld.com/products/item575,legit
http://amaz0n.com.online/secure-login,phish
https://streamline.gov,legit
http://confirm.secure-login.info/?id=193483,phish
https://apple.verify.web.club/signin.php?user=858&sess=1ACB480665D42093AC19,phish
https://community41.org,legit
http://90.25.251.22/~verify/index.html&sess=03C74E625C9561858277,phish
https://artgallery10.net/products,legit
https://amazon.verify.web.info/signin.php?user=896,phish
https://homegoods14.org/blog/98,legit
https://community25.com/products/item100,legit
https://datasource.co/blog/72,legit
https://google.login.web.xyz/signin.php?user=402,phish
https://homegoods.net,legit
https://foodcorner.edu/search?q=product,legit
https://techworld.net/products/item829,legit
https://homegoods10.edu/search?q=product,legit
https://account-390.online/auth.php?token=gz2ueaxylnfxj4pnjy1o2rntjlmz04x0qzfhomtz&redirect=http%3A%2F%2Flogin.com,phish
https://secure.verify.example.club/signin.php?user=625,phish
https://bestshop21.io/about,legit
https://bestshop17.net/,legit
https://homegoods32.net/search?q=product,legit
https://schoolportal.org/contact,legit
https://schoolportal29.io/blog/140,legit
https://travelguide26.edu,legit
https://datasource.io/user/profile/1320,legit
http://26.219.138.117/~login/index.html,phish
http://117.222.143.236/~login/index.html,phish
http://192.226.70.226/~login/index.html,phish
https://artgallery.edu/products/item142,legit
https://learnhub92.edu/blog/47,legit
http://94.106.67.40/~admin/index.html&sess=55DC1FE6916F79A6B1D7,phish
http://143.147.92.40/~verify/index.html&sess=C0299F95623A6E43C925,phish
https://account-851.biz/auth.php?token=okpviddy0nxr2yq373zn5roues0mxvl57cnkwstv&redirect=http%3A%2F%2Flogin.com,phish
https://foodcorner.co/blog/136,legit
https://secure-update.info/auth.php?token=wlar0wh0rfiuprog710eq8o9s4znmzofe98wp94p&redirect=http%3A%2F%2Fphish.com,phish
https://travelguide83.com,legit
https://learnhub.net/products/item651,legit
https://studyonline.net/search?q=product,legit
https://healthcare.io/search?q=product,legit
https://account-799.xyz/auth.php?token=304abiscw1pz117ib22zu6sjjfzp0t57gocrk53o&redirect=http%3A%2F%2Fphish.com,phish
http://verify18-verify.top/?id=126486&sess=21340D763C9659B41AFD,phish
https://healthcare.edu/search?q=product,legit
http://banking-online.account.xyz/?id=739206,phish
https://artgallery89.io/search?q=product,legit
https://techworld.com,legit
https://techworld.net/about,legit
http://loginsecure-login.xyz/?id=818936,phish
https://travelguide56.net/products/item655,legit
https://account-936.biz/auth.php?token=7e1047wwbslulzfy981udp2fmr0tjopz1rhouu9s&redirect=http%3A%2F%2Fmalicious.com,phish
https://travelguide.gov/search?q=product,legit
https://datasource.edu/contact,legit
https://facebook.account.example.cc/signin.php?user=573&sess=3F98F9EAFEC3BDF55659,phish
https://greenmarket.io/products/item339,legit
http://amaz0n.com.xyz/secure-login,phish
https://account-985.info/auth.php?token=2yj0974wxub0gz1vhhgy8nnkl3er9om3p9m7qntf&redirect=http%3A%2F%2Fphish.com,phish
http://account73-secure-login.cc/?id=774726&sess=ECB22FDA2D584254D7D3,phish
https://learnhub95.co/products,legit
https://community39.io/products,legit
https://openlibrary.co/user/profile/8368,legit
http://193.53.110.96/~verify/index.html&sess=772F1BCFFB573ADCCB78,phish
https://datasource88.net/,legit
https://homegoods.io/contact,legit
https://healthcare35.io/products/item928,legit
https://secure.login.web.top/signin.php?user=225&sess=C5F2C28FE4E04272D372,phish
http://116.52.154.63/~login/index.html,phish
https://account-510.site/auth.php?token=byt2iiennngvdlv0wgd4hkpwi25y4xvrydafv87v&redirect=http%3A%2F%2Fphish.com&sess=CB04BA2D3C3D3BFD16BA,phish
http://confirm.verify.online/?id=490532&sess=0C39744E0A66A843AE6E,phish
https://bestshop.co/products/item228,legit
https://datasource.org/user/profile/6580,legit
https://mediapoint.io/user/profile/1567,legit
https://secure.secure.hosted.site/signin.php?user=857,phish
https://greenmarket20.io,legit
https://travelguide.gov/contact,legit
https://researchlab96.com/about,legit
https://secure-verify.cc/auth.php?token=7f8tsxk6819y207merbyeawhmlvhs21hd4y89orv&redirect=http%3A%2F%2Flogin.com&sess=7FFEF97B5196E6908C3B,phish
https://cityportal21.io/search?q=product,legit
https://mediapoint72.gov/user/profile/4657,legit
https://datasource.net,legit
https://google.secure.hosted.info/signin.php?user=821&sess=223ADF925A913BCD455E,phish
https://wallet.account.web.biz/signin.php?user=152,phish
https://studyonline85.edu/contact,legit
http://accountsecure-login.info/?id=630734,phish
http://27.120.87.68/~verify/index.html,phish
https://account-582.club/auth.php?token=gadktoc1yfmhbyhz43xz6olba117nidp9mgyh523&redirect=http%3A%2F%2Fmalicious.com,phish
http://12.210.5.146/~verify/index.html,phish
http://updatesecure-login.info/?id=316612&sess=B17EF3205B2BE13DDC1B,phish
http://176.137.223.132/~login/index.html&sess=92966B5047427DE366CD,phish
https://secure.secure.example.top/signin.php?user=148,phish
https://artgallery52.com/contact,legit
https://bestshop49.co/about,legit
https://healthcare29.co/products/item462,legit
https://bestshop.io/contact,legit
https://secure-portal.biz/auth.php?token=lpf4g9h0y05ml51aatn209qvwas1udjoau4du0fi&redirect=http%3A%2F%2Flogin.com,phish
https://greenmarket.io/blog/78,legit
https://doccenter.gov/products,legit
https://travelguide.org/,legit
https://datasource.gov/contact,legit
https://wallet.secure.web.biz/signin.php?user=781,phish
https://account-543.site/auth.php?token=77hns54gwdfo1nnj5rxc4xj4a3s8pgbzq35aw3ov&redirect=http%3A%2F%2Flogin.com&sess=C1C2BF6CD2C2E2172F33,phish
http://payment-account.biz/?id=255875&sess=CC55B3D80165B0873614,phish
https://techworld.co/search?q=product,legit
https://cityportal.com/,legit
http://accountsignin.info/?id=493929,phish
https://techworld40.edu,legit
https://secure.verify.example.club/signin.php?user=498&sess=900739D48D8616B42E41,phish
https://greenmarket43.org/,legit
https://account-806.biz/auth.php?token=uhiwzwt994pn8qix43irgm5dkoybesirq4tp1na6&redirect=http%3A%2F%2Fphish.com,phish
http://213.79.26.235/~verify/index.html&sess=D5D816CE971129DC2038,phish
https://learnhub.net,legit
https://travelguide8.gov/,legit
http://48.247.119.113/~login/index.html,phish
http://84.10.118.169/~admin/index.html,phish
https://secure.verify.example.club/signin.php?user=672&sess=5E2ED90063AA20555D7C,phish
https://amazon.verify.example.top/signin.php?user=668,phish
https://researchlab.gov/products,legit
https://doccenter.net/search?q=product,legit
https://cityportal70.net,legit
https://researchlab.co/blog/241,legit
https://homegoods.com/products,legit
https://bestshop.co,legit
https://google.secure.example.site/signin.php?user=195&sess=6E64B106E4C472181306,phish
http://152.180.219.96/~admin/index.html,phish
https://techworld84.com/about,legit
http://verify-verify.biz/?id=622894,phish
https://learnhub84.co/blog/111,legit
https://homegoods41.co/products/item736,legit
http://loginverify.xyz/?id=988029,phish
https://openlibrary.org,legit
https://learnhub75.net/contact,legit
https://community98.com/,legit
https://travelguide.co,legit
https://openlibrary.gov/,legit
https://cityportal94.gov/products/item987,legit
https://schoolportal.net,legit
https://learnhub.io/search?q=product,legit
https://secure-update.info/auth.php?token=yy1em30vvijvddwvb853gqd7wkr1tfepz614umnw&redirect=http%3A%2F%2Fmalicious.com,phish
https://studyonline.net/about,legit
https://researchlab95.edu/user/profile/7033,legit
https://studyonline15.org/blog/20,legit
https://schoolportal.org/about,legit
http://145.121.152.164/~login/index.html,phish
https://cityportal.edu/blog/42,legit
https://openlibrary.net/products,legit
http://webmail-secure-login.club/?id=140551,phish
https://greenmarket77.com/,legit
http://account17.secure-login.cc/?id=455591,phish
https://datasource.io/,legit
https://cityportal.co,legit
https://schoolportal.io/user/profile/5803,legit
http://121.193.53.147/~admin/index.html,phish
https://researchlab.edu/search?q=product,legit
https://community.org/products/item672,legit
http://210.111.188.197/~admin/index.html&sess=AA7AAEDDF91EA19C443F,phish
https://bank.account.hosted.top/signin.php?user=591,phish
https://travelguide.com/about,legit
https://marketplace.gov,legit
http://service-portalsignin.cc/?id=774843&sess=3E342171494463AB8FA4,phish
https://community.com/,legit
https://artgallery95.edu/user/profile/3147,legit
http://account-online.verify.club/?id=205758&sess=EE6B8A14C45D8614D0F1,phish
https://secure-portal.biz/auth.php?token=3pt5r5rc6zs62ywe1g983ep9p9w4j66cnoljq52w&redirect=http%3A%2F%2Flogin.com&sess=339BB66788E431C03400,phish
https://studyonline.gov/user/profile/1472,legit
https://secure-portal.info/auth.php?token=425wj0y17vz2qz9d46kt79aaxn45jo52f0u4suxr&redirect=http%3A%2F%2Fmalicious.com,phish
http://service-onlineverify.club/?id=884388,phish
https://streamline.gov/contact,legit
https://healthcare9.edu,legit
https://amazon.login.web.club/signin.php?user=169,phish
https://studyonline25.net/contact,legit
http://149.207.9.171/~admin/index.html,phish
https://mediapoint23.io/products/item26,legit
https://artgallery.com/search?q=product,legit
https://homegoods35.edu/blog/135,legit
http://verifyaccount.biz/?id=612616,phish
http://service.account.biz/?id=256939,phish
https://healthcare69.co/search?q=product,legit
https://community.gov/about,legit
https://account-494.xyz/auth.php?token=k1zwuhywm7s6nbnqbnxzu1emtx015z11l6spbnqs&redirect=http%3A%2F%2Fmalicious.com,phish
http://g00gle.com.biz/secure-login,phish
https://apple.secure.hosted.top/signin.php?user=430,phish
http://paypa1.com.club/secure-login,phish
https://secure.verify.example.cc/signin.php?user=269,phish
https://healthcare.co/products/item196,legit
https://doccenter.net/,legit
http://banking.secure-login.biz/?id=979562,phish
https://account-919.biz/auth.php?token=8sa3idy3c7rm6j8y6rh05hhiwfd7yxw1tbrwr965&redirect=http%3A%2F%2Fphish.com&sess=3A612204C9515AD3F3E2,phish
https://facebook.login.web.cc/signin.php?user=482&sess=208E837767A1AA19BED7,phish
https://bank.secure.hosted.xyz/signin.php?user=505&sess=04166E01EDA539F45BB1,phish
https://openlibrary45.org/,legit
https://secure-verify.biz/auth.php?token=t5nhxf4t8ma1024rv3nsxof6t6weggh02wpkqj39&redirect=http%3A%2F%2Fphish.com,phish
https://account-151.site/auth.php?token=xi5p2qfs7glb82motz60fiigu72dd9eqsimyo7wy&redirect=http%3A%2F%2Fmalicious.com&sess=A4DCB935CF861CC10ED1,phish
http://webmailverify.online/?id=806942&sess=D7365F637975BD58F9AE,phish
http://secure.secure-login.top/?id=962239,phish
http://micros0ft.com.online/secure-login,phish
https://travelguide.gov/about,legit
https://schoolportal99.gov/products/item349,legit
https://bank.verify.hosted.biz/signin.php?user=646&sess=19F036B062EF6C468FC7,phish
https://bestshop74.io/,legit
http://applle.com.top/secure-login&sess=C1D04D5918CF6A6076D5,phish
https://travelguide17.io/products,legit
https://doccenter.com/search?q=product,legit
https://foodcorner.net/search?q=product,legit
https://homegoods15.net,legit
https://google.account.web.site/signin.php?user=814,phish
https://studyonline.co/blog/208,legit
https://marketplace.com/search?q=product,legit
https://studyonline.org/products,legit
https://learnhub.org/products,legit
https://openlibrary11.edu/products/item98,legit
https://homegoods.org/blog/264,legit
https://healthcare.edu/blog/162,legit
https://homegoods.gov/blog/192,legit
https://schoolportal.com/search?q=product,legit
http://189.135.48.131/~admin/index.html,phish
http://190.102.64.45/~login/index.html,phish
https://techworld.net/products,legit
http://confirmaccount.biz/?id=496818,phish
http://confirm-secure-login.info/?id=101581,phish
https://apple.verify.web.top/signin.php?user=527,phish
https://microsoft.verify.example.biz/signin.php?user=397,phish
https://amazon.secure.example.cc/signin.php?user=846&sess=DD0FE8445819D9EBFF8B,phish
http://g00gle.com.cc/secure-login,phish
https://artgallery.edu/blog/267,legit
http://amaz0n.com.club/secure-login,phish
http://verify-signin.cc/?id=501533,phish
https://account-439.info/auth.php?token=s1a2r5bfycw8ihyfz9s9vs1qekw7bzyi9v8u9da1&redirect=http%3A%2F%2Fphish.com&sess=F8CEFBC6E1E84CB3A707,phish
https://secure-bank.cc/auth.php?token=do61xn8dk13zp84jrh8iptc16ze7blp7dgt60pv7&redirect=http%3A%2F%2Flogin.com&sess=7F30FDACFCA7470034ED,phish
https://doccenter9.edu/products,legit
https://community.edu/blog/114,legit
https://homegoods.net/blog/152,legit
http://g00gle.com.cc/secure-login&sess=941818DE590EC50EA087,phish
http://payment-signin.xyz/?id=499948,phish
https://secure-update.biz/auth.php?token=kb3pkbqy3ot760rs6c4x56v3dgs9gt0r0vip35t5&redirect=http%3A%2F%2Flogin.com&sess=D69A6350491509D06C6F,phish
https://streamline84.edu/user/profile/6253,legit
https://datasource84.org/,legit
https://techworld.gov/search?q=product,legit
https://researchlab11.org/user/profile/7818,legit
https://secure.secure.hosted.biz/signin.php?user=625,phish
https://google.verify.hosted.site/signin.php?user=140,phish
https://mediapoint.io/products/item982,legit
https://techworld.edu/products,legit
https://marketplace29.co/blog/195,legit
https://healthcare51.org/blog/220,legit
http://167.96.48.219/~admin/index.html,phish
https://healthcare.com/contact,legit
https://marketplace.org/user/profile/1972,legit
https://doccenter22.edu/contact,legit
http://paypa1.com.top/secure-login&sess=78D43B7C04A77DEBD46C,phish
https://doccenter61.com/products,legit
https://techworld39.co,legit
http://applle.com.xyz/secure-login&sess=E69F2AAAEA5EF306E96F,phish
https://apple.verify.web.cc/signin.php?user=184,phish
http://99.74.137.74/~admin/index.html,phish
http://g00gle.com.xyz/secure-login,phish
https://secure.secure.hosted.top/signin.php?user=170&sess=D45EAC83575C4CF1940A,phish
http://account-portalsecure-login.site/?id=130237&sess=FB5D748D6CA5CCFDD8CE,phish
https://healthcare.co/contact,legit
https://datasource.com/contact,legit
https://openlibrary87.gov/,legit
https://secure.login.hosted.cc/signin.php?user=624&sess=5F46BC0E562051C7A814,phish
https://researchlab.net/contact,legit
https://researchlab.edu/user/profile/7868,legit
https://bestshop39.io/search?q=product,legit
https://openlibrary47.com/products,legit
https://learnhub.org/blog/150,legit
http://verifysignin.info/?id=899440&sess=F7215C0CBE4325597785,phish
http://18.1.40.155/~login/index.html,phish
https://amazon.secure.hosted.online/signin.php?user=176,phish
https://community24.io/products,legit
https://travelguide18.io,legit
https://community57.com/user/profile/6277,legit
https://mediapoint.com/about,legit
https://homegoods.co/products,legit
https://secure-verify.cc/auth.php?token=yg1hb3z30zbtvfh7b0ahi1ywt3hko1cmrt7jhdsz&redirect=http%3A%2F%2Flogin.com,phish
https://account-268.cc/auth.php?token=babhwikvnzz3zw0sd7sbz75eufvhp7srk58hegiv&redirect=http%3A%2F%2Fphish.com&sess=149588262E17E1D079FA,phish
http://update14signin.top/?id=608512,phish
https://bestshop.io,legit
https://marketplace.io/products,legit
https://secure.verify.web.cc/signin.php?user=602,phish
https://secure-bank.biz/auth.php?token=gb2rh7326xpj2qi80ka3r2dxjoxv6y6jztrhxjnj&redirect=http%3A%2F%2Flogin.com,phish
http://amaz0n.com.site/secure-login&sess=CA3AD5E00418B0F784DE,phish
https://account-918.biz/auth.php?token=24gpzbomvibzyfggk82p5yro1wodgzdn9s8tsnc1&redirect=http%3A%2F%2Flogin.com,phish
https://marketplace.gov/products/item694,legit
http://payment-secureaccount.site/?id=962852,phish
http://158.105.105.26/~verify/index.html&sess=12AE0190CD98851F6364,phish
https://greenmarket37.gov,legit
https://account-325.club/auth.php?token=2wwg84d4r9v4k00ilu6vfua9bq1btr23qiua08ek&redirect=http%3A%2F%2Flogin.com,phish
https://streamline.net/blog/95,legit
https://techworld18.edu,legit
https://openlibrary40.gov,legit
https://secure-update.club/auth.php?token=g190feqqhc5s88okr7phni2mlw2ek0brz0eraxp2&redirect=http%3A%2F%2Fphish.com,phish
https://streamline.gov/blog/228,legit
https://cityportal.net/products,legit
https://secure-bank.cc/auth.php?token=hhd8wxqbilvm4jbux476keoc6p3fke5h1g8z44j9&redirect=http%3A%2F%2Fphish.com&sess=82C9A09E56020D696B53,phish
https://homegoods.com/about,legit
https://techworld29.net,legit
https://secure-verify.xyz/auth.php?token=75b5nov31nyc7h81jmbptpdwr1xfhsj0bi6atqgk&redirect=http%3A%2F%2Fphish.com&sess=DF5A4153AF356ECA993C,phish
https://secure-update.info/auth.php?token=ezi8ubezsd1fimtb6t9by8nhq4hoawqf1clnvxnz&redirect=http%3A%2F%2Flogin.com,phish
https://greenmarket43.net/about,legit
https://marketplace78.net/about,legit
http://service88.verify.online/?id=176604,phish
http://banking-portalsecure-login.xyz/?id=182467,phish
https://researchlab.com/about,legit
https://apple.account.web.site/signin.php?user=178,phish
https://learnhub.net/about,legit
https://facebook.verify.hosted.info/signin.php?user=217,phish
https://schoolportal39.net/blog/221,legit
http://service.signin.cc/?id=904308&sess=67559F65DFDFD9E38C40,phish
https://studyonline.edu/user/profile/5582,legit
https://secure-verify.online/auth.php?token=eq3cyfwp5wlf0llya85bektjepgyap9eib0ta6yy&redirect=http%3A%2F%2Flogin.com,phish
https://schoolportal98.io/user/profile/1273,legit
https://greenmarket62.com/user/profile/6881,legit
https://techworld16.io/search?q=product,legit
https://account-108.info/auth.php?token=fd18tlty7w29max6ebqgbpadusqb00g9e07pmexj&redirect=http%3A%2F%2Flogin.com,phish
https://homegoods.gov/user/profile/2276,legit
https://doccenter.co/user/profile/1430,legit
https://researchlab.gov/contact,legit
https://healthcare.net/search?q=product,legit
https://doccenter.gov,legit
https://healthcare.io,legit
http://99.101.59.101/~verify/index.html,phish
http://188.124.241.92/~login/index.html,phish
http://webmailverify.top/?id=474960,phish
https://account-109.xyz/auth.php?token=zhulickhhuz83yuxyp3hbrbjeqvviaa2uaqe8bts&redirect=http%3A%2F%2Fphish.com&sess=65E602F305179BF3AAAB,phish
https://doccenter.edu/blog/252,legit
https://greenmarket.com/search?q=product,legit
https://mediapoint.edu,legit
http://micros0ft.com.club/secure-login,phish
https://techworld.co,legit
https://microsoft.login.web.online/signin.php?user=192&sess=E72C2324534EFD7B332B,phish
https://account-967.cc/auth.php?token=a908cmqxgymymmhlk1b17zyqzss8v5x6e9d70qfx&redirect=http%3A%2F%2Fphish.com,phish
https://streamline.com/user/profile/4977,legit
https://studyonline12.edu/,legit
https://artgallery.net/products,legit
https://schoolportal8.edu,legit
https://learnhub.com/contact,legit
https://paypal.verify.hosted.cc/signin.php?user=234,phish
http://119.229.21.67/~admin/index.html,phish
https://microsoft.secure.web.xyz/signin.php?user=894&sess=FFDA6493CD0B83196F45,phish
https://streamline10.org/blog/163,legit
https://openlibrary.com/products,legit
http://27.101.14.141/~login/index.html&sess=AF73915B8373A31CF436,phish
https://learnhub76.org/about,legit
https://learnhub97.io/products/item937,legit
http://confirm.verify.club/?id=879031,phish
https://mediapoint.co/user/profile/9153,legit
https://marketplace.com/contact,legit
https://secure-bank.cc/auth.php?token=zpdso9spdu3nm0sxfc5z5l9hgmtvppfnniix1skn&redirect=http%3A%2F%2Flogin.com,phish
https://doccenter.net/products/item928,legit
https://schoolportal3.edu,legit
http://188.68.87.91/~admin/index.html,phish
https://learnhub.io/,legit
https://healthcare.org/about,legit
https://mediapoint.edu/blog/89,legit
http://applle.com.club/secure-login,phish
https://techworld77.co/blog/42,legit
https://mediapoint.gov/,legit
http://verify22-account.info/?id=495092,phish
https://apple.secure.hosted.info/signin.php?user=510,phish
https://account-622.cc/auth.php?token=ykqvox2n5zaneo9vaxczzyagzr64l4ywp6cbc5tn&redirect=http%3A%2F%2Fphish.com,phish
https://studyonline5.io/blog/179,legit
https://secure-verify.online/auth.php?token=bef46rf7bnhjw6qdbtfbsciqup06idiioh6cvbph&redirect=http%3A%2F%2Flogin.com,phish
https://amazon.account.web.info/signin.php?user=765&sess=33EA085143469E0E4F1E,phish
https://schoolportal63.org,legit
https://healthcare.co/blog/263,legit
https://learnhub56.io/products,legit
https://secure-update.cc/auth.php?token=an0ur99yaeceeutzeifu43u41vsvdt7663c42xcv&redirect=http%3A%2F%2Fmalicious.com,phish
http://payment-portal.verify.biz/?id=918433,phish
https://google.account.web.top/signin.php?user=690&sess=ECD9635F7379A32A7189,phish
http://applle.com.info/secure-login,phish
https://studyonline38.com,legit
https://datasource.gov/blog/243,legit
http://secure-secure-account.info/?id=162621,phish
https://bank.account.example.cc/signin.php?user=744,phish
https://bank.account.hosted.biz/signin.php?user=870&sess=05BA93D74F5EB5D637A6,phish
https://marketplace68.net,legit
https://travelguide.net/products,legit
https://greenmarket.org/blog/168,legit
https://foodcorner.net/,legit
http://webmail72-account.top/?id=144003,phish
https://secure-portal.site/auth.php?token=ixb97lcpxxvk0qqxc9u2ho755lz2l2e9eu0g8lwd&redirect=http%3A%2F%2Fphish.com,phish
https://bestshop.org/,legit
https://studyonline55.net/about,legit
https://bank.secure.example.biz/signin.php?user=772,phish
https://account-555.cc/auth.php?token=j590emc20lsjws1zl7p72l4x5bwaen7yjf30kh58&redirect=http%3A%2F%2Flogin.com&sess=2DC0E03414CEDE160F1B,phish
https://foodcorner68.net,legit
https://researchlab49.io/contact,legit
http://account-signin.xyz/?id=983708,phish
https://secure-portal.site/auth.php?token=lxuiiy3xgwk1gpcxwaymh0it4bu4i4cxgf8gc0s6&redirect=http%3A%2F%2Fmalicious.com,phish
https://wallet.account.web.top/signin.php?user=442,phish
https://amazon.account.hosted.xyz/signin.php?user=921&sess=516359437B166DE451A7,phish
https://secure-verify.biz/auth.php?token=ewsb9rm5po7btpdo7yfkpi9byq71uha6f6m2xg2r&redirect=http%3A%2F%2Flogin.com&sess=781222CD1289C6DC149F,phish
https://secure-portal.info/auth.php?token=z2t4h20rape6wtlrj4bdfhj4d0jmu3momyvuxt9k&redirect=http%3A%2F%2Fphish.com,phish
http://payment-portal.secure-login.biz/?id=626702,phish
https://bestshop.edu/about,legit
https://bank.verify.hosted.site/signin.php?user=209,phish
https://healthcare42.gov/,legit
https://account-479.site/auth.php?token=3mleozprrt2l2ieo9uvj3bsy3onx3f86ugyfunma&redirect=http%3A%2F%2Fmalicious.com,phish
https://greenmarket30.net/contact,legit
https://cityportal88.io/products/item611,legit
https://account-927.biz/auth.php?token=gl2zxjmylrq1rdxck36h0w064w3u1hbj6txfo6v4&redirect=http%3A%2F%2Fmalicious.com,phish
https://schoolportal.gov,legit
http://micros0ft.com.info/secure-login,phish
http://update40-signin.info/?id=540470&sess=9C798502F1AB363FA8E1,phish
https://secure-update.club/auth.php?token=xphx2kbvsigbiaf92movs0cdk36m8jvh7ujodck8&redirect=http%3A%2F%2Flogin.com,phish
http://verify-online-verify.info/?id=138152,phish
https://homegoods42.com,legit
https://datasource.edu/search?q=product,legit
https://account-667.club/auth.php?token=gyg4f4desrwqb6twnvjqjinh1k504k34euz9qj4v&redirect=http%3A%2F%2Fmalicious.com,phish
https://facebook.secure.example.info/signin.php?user=244,phish
https://streamline26.co,legit
https://greenmarket52.gov/search?q=product,legit
https://google.account.web.biz/signin.php?user=771,phish
https://artgallery20.edu/contact,legit
http://g00gle.com.club/secure-login,phish
https://community.edu/,legit
https://datasource.net/products,legit
https://foodcorner.io/products/item272,legit
http://service.verify.site/?id=406246,phish
https://homegoods49.co/products,legit
https://marketplace83.net,legit
https://secure-update.site/auth.php?token=lq0nh0rudbrsiv34j008cydvxvxyi1o46mzju1uc&redirect=http%3A%2F%2Flogin.com&sess=A4DC86A40A27967AE8BD,phish
https://secure-update.online/auth.php?token=wfvbfejrk2lbimnz9b9boqcpl72u22eftixdwr02&redirect=http%3A%2F%2Fphish.com,phish
http://verify31.account.top/?id=998390&sess=4CBDD583131A91B08D69,phish
http://g00gle.com.site/secure-login,phish
https://streamline.io/search?q=product,legit
https://facebook.account.example.biz/signin.php?user=910,phish
http://login25.signin.info/?id=563752,phish
https://amazon.login.hosted.site/signin.php?user=746,phish
http://227.34.177.140/~admin/index.html,phish
https://account-228.online/auth.php?token=v7h2ivd87wcdlqdz1gglcr5p8aacj72hls0qlfti&redirect=http%3A%2F%2Flogin.com,phish
https://account-600.club/auth.php?token=l15s74nddafs1iym90pkr1ifsi159i3hz3zsg9vw&redirect=http%3A%2F%2Fmalicious.com&sess=9803BA0E4DF124EEEF0F,phish
http://amaz0n.com.info/secure-login,phish
https://researchlab.gov/about,legit
http://webmailaccount.top/?id=174214,phish
https://researchlab.io/contact,legit
https://account-952.biz/auth.php?token=66dzgg3etivmdh1jilhbi62vs01wxpxn2tej0u0v&redirect=http%3A%2F%2Fmalicious.com,phish
https://account-297.site/auth.php?token=a4qgvmdvmwtrshrbsh103uf8ri3p4g2wdazyw6we&redirect=http%3A%2F%2Flogin.com,phish
https://secure-bank.biz/auth.php?token=mmh541oo5vyfrrloa8o34lpqk5fp7ah2csanhapy&redirect=http%3A%2F%2Flogin.com,phish
https://openlibrary.com,legit
https://community71.com/contact,legit
https://paypal.login.hosted.top/signin.php?user=481,phish
https://community.com/products/item96,legit
https://streamline.gov/,legit
https://community88.co/blog/24,legit
https://bank.login.example.xyz/signin.php?user=168,phish
https://bank.verify.hosted.xyz/signin.php?user=735&sess=0E5724E7B8F6CF015C5F,phish
http://account-signin.top/?id=416126,phish
http://254.239.124.46/~admin/index.html&sess=EB7DDC3D059B61FA39C7,phish
https://doccenter81.edu,legit
https://cityportal.co/products/item379,legit
https://openlibrary87.edu/products,legit
https://healthcare.co,legit
http://179.167.250.190/~admin/index.html,phish
https://community.edu/user/profile/8354,legit
https://account-665.info/auth.php?token=61b7pxjbc8vdrqntjvu2cgxu5wahzg85s9asj21g&redirect=http%3A%2F%2Flogin.com&sess=4D2F038ED7B04190DECC,phish
https://microsoft.verify.example.cc/signin.php?user=272&sess=62F9A953CE4C197CB842,phish
https://microsoft.account.example.top/signin.php?user=624,phish
https://healthcare13.io/,legit
http://54.167.199.54/~login/index.html,phish
https://mediapoint.io/,legit
https://bestshop4.org/products,legit
https://secure-bank.xyz/auth.php?token=ktr1t05qxs2u4oj7g4ebc94e6nkar1h11qv1f2of&redirect=http%3A%2F%2Fmalicious.com,phish
https://travelguide.edu/products,legit
https://community.co/,legit
http://104.151.75.41/~login/index.html,phish
http://applle.com.site/secure-login,phish
https://bank.login.web.site/signin.php?user=909,phish
http://42.209.225.95/~admin/index.html,phish
https://apple.account.example.cc/signin.php?user=971,phish
https://healthcare.io/products/item735,legit
http://applle.com.site/secure-login&sess=3F882AE44095EA3A5131,phish
https://mediapoint.edu/contact,legit
https://researchlab81.io,legit
https://cityportal.gov,legit
http://g00gle.com.info/secure-login&sess=E951FE406F63B9A5A07C,phish
https://account-759.site/auth.php?token=uu5czeccfs7i19mo1rtsxof33qe6jixub4ibhif5&redirect=http%3A%2F%2Flogin.com,phish
http://secure-secure-login.info/?id=879319,phish
http://107.95.47.101/~admin/index.html,phish
http://55.243.179.235/~login/index.html,phish
https://bestshop.io/products/item751,legit
https://studyonline6.net/products,legit
https://streamline98.gov/,legit
http://239.176.182.88/~login/index.html,phish
https://account-124.biz/auth.php?token=jkb7il6d6pqvp7ega4tiad1cga64tcwbbkocyw34&redirect=http%3A%2F%2Fphish.com&sess=029738294B86EA53EE49,phish
http://12.140.3.171/~verify/index.html,phish
https://paypal.login.web.biz/signin.php?user=236,phish
https://mediapoint46.org/,legit
https://schoolportal32.com,legit
https://datasource9.io/,legit
https://marketplace.com/,legit
https://schoolportal.com/products,legit
https://account-964.xyz/auth.php?token=x58pzj3mnhtzqttaazvorq59d6sv8flocvs96ycx&redirect=http%3A%2F%2Fphish.com&sess=F7B20F5026B740993FB1,phish
https://account-903.biz/auth.php?token=sajhjxqkd8ur6tiarontdi9oinuxl39dg5rifwr0&redirect=http%3A%2F%2Flogin.com&sess=EFCF30A5662F4F5279BB,phish
https://healthcare.net/products,legit
http://update23secure-login.online/?id=320892,phish
https://greenmarket98.net,legit
http://44.161.206.135/~admin/index.html&sess=805F6824D3BDC3C24037,phish
https://studyonline.com/blog/202,legit
https://artgallery80.co/about,legit
https://studyonline.net/products,legit
https://learnhub.net/search?q=product,legit
https://healthcare.com/products,legit
https://openlibrary47.com/products/item448,legit
https://streamline31.com,legit
https://mediapoint.io,legit
https://foodcorner.net/blog/189,legit
http://204.178.103.119/~admin/index.html,phish
https://amazon.login.web.cc/signin.php?user=107,phish
http://232.31.213.42/~verify/index.html&sess=E5AC888091BD6ACD76ED,phish
https://microsoft.account.hosted.xyz/signin.php?user=773&sess=C8EF5179CBF3AE87C78A,phish
http://update-securesecure-login.online/?id=957904,phish
https://healthcare.net,legit
https://secure-verify.top/auth.php?token=bcltrh9vgky5cgaghft9zzcgl9fwvvskp30tx8j1&redirect=http%3A%2F%2Fmalicious.com,phish
https://streamline54.gov/,legit
http://loginsecure-login.club/?id=703484,phish
http://secure.secure-login.xyz/?id=204758&sess=6A0AFE53A908D5CCCA9D,phish
https://account-617.info/auth.php?token=lim06etcqr3ev1rdnf4x13qinf2p091pqfmpah3q&redirect=http%3A%2F%2Fphish.com,phish
https://account-518.info/auth.php?token=sjj8ek38cjtqeaeq2ifqbkk2bilnpt95xj3y1xc2&redirect=http%3A%2F%2Fmalicious.com,phish
https://community.org,legit
http://59.150.126.2/~admin/index.html&sess=90F93C12E97D3873798E,phish
http://confirmverify.info/?id=714370&sess=03977C4EA30C48B1D46D,phish
http://50.249.66.10/~verify/index.html,phish
https://secure-bank.info/auth.php?token=5k5q5goeiotzs6t5rr284wyx74zemg025582rquk&redirect=http%3A%2F%2Fphish.com,phish
https://account-209.biz/auth.php?token=q8p6u5ps4768tqw8do3px9kdqiut6hrcfu5d0mys&redirect=http%3A%2F%2Fmalicious.com,phish
https://facebook.login.hosted.site/signin.php?user=335,phish
http://login-secure-account.club/?id=217543,phish
http://update-secure-login.xyz/?id=833796,phish
https://healthcare.gov/products,legit
http://amaz0n.com.cc/secure-login,phish
https://apple.secure.web.info/signin.php?user=905,phish
https://studyonline33.org/,legit
http://applle.com.biz/secure-login&sess=6496CE4FC083626CF3E9,phish
https://doccenter.org,legit
https://datasource.io/about,legit
https://foodcorner.edu/,legit
https://secure-bank.club/auth.php?token=9hlth11blf1xoyc6h52mj13m7pc59p0qvhzjkthk&redirect=http%3A%2F%2Fmalicious.com,phish
https://schoolportal78.edu/about,legit
http://applle.com.biz/secure-login,phish
https://bank.login.example.cc/signin.php?user=426&sess=CF02DA76226AEA45A570,phish
http://g00gle.com.top/secure-login,phish
https://marketplace59.com/products/item139,legit
http://login30account.xyz/?id=676438,phish
https://account-924.info/auth.php?token=g5iuvwl47l6ojks1i7w10pe8el8hpazaur4lmy2c&redirect=http%3A%2F%2Flogin.com,phish
https://studyonline.org,legit
http://218.116.173.148/~admin/index.html&sess=BEEB08F47D4B2DEF2D3A,phish
http://webmail-account.club/?id=707732,phish
https://foodcorner91.co/products,legit
https://bank.account.example.club/signin.php?user=285,phish
https://travelguide.edu/contact,legit
http://webmail-account.info/?id=108091,phish
https://account-500.club/auth.php?token=qm57fhsf2aaludhaahop0e62n3pp1vm3i0gxhc66&redirect=http%3A%2F%2Flogin.com&sess=AE86A2196668A1CC6E8A,phish
https://datasource.co/contact,legit
https://cityportal58.org/products,legit
http://webmail.verify.xyz/?id=419527&sess=DE02D044A058B8CC0784,phish
https://wallet.verify.web.info/signin.php?user=784&sess=99E8981C9AE2E839A0C7,phish
https://bank.verify.example.cc/signin.php?user=124,phish
https://learnhub.net/products,legit
https://community32.net/products,legit
https://researchlab29.io/user/profile/8586,legit
https://researchlab60.co/search?q=product,legit
https://secure-update.club/auth.php?token=u2tf1uf3g86c2gs4ye45te3ppmblc09e0vivii81&redirect=http%3A%2F%2Fphish.com&sess=0C922EA899710E33C565,phish
https://account-276.club/auth.php?token=ekt0kxgntusjxbcwsbah6tc45pi2so0dmjpaifow&redirect=http%3A%2F%2Fphish.com,phish
https://community.edu/contact,legit
https://schoolportal88.net/blog/251,legit
http://190.30.25.218/~login/index.html,phish
http://218.200.16.122/~login/index.html,phish
http://amaz0n.com.biz/secure-login&sess=1C88A0FC4A5D693BA1C8,phish
http://service-portalsecure-login.cc/?id=630348,phish
https://amazon.secure.hosted.info/signin.php?user=599,phish
https://account-438.online/auth.php?token=uv1fkhnnk8fwrpk0zfknwbhkvjz09owgmf4ln5rg&redirect=http%3A%2F%2Flogin.com,phish
http://166.118.173.178/~verify/index.html,phish
http://service-online.account.info/?id=423935,phish
https://secure-update.xyz/auth.php?token=kldf4hra1361bgmy4iqz6df08upnzasywdrkupcj&redirect=http%3A%2F%2Flogin.com,phish
http://190.15.245.180/~verify/index.html,phish
https://amazon.verify.hosted.info/signin.php?user=194,phish
http://account-portal.account.online/?id=261343&sess=B8001F19198355B05F06,phish
http://amaz0n.com.cc/secure-login&sess=9258D4BE674BDB3BE86A,phish
https://facebook.login.hosted.biz/signin.php?user=141&sess=783901AF55728C4514BC,phish
https://bestshop.gov/blog/208,legit
https://greenmarket.org/contact,legit
http://secure-onlineverify.info/?id=592491,phish
https://community38.gov/blog/174,legit
http://payment12-account.site/?id=299742&sess=80925813BD925A8E15A4,phish
https://schoolportal.gov/about,legit
http://179.38.128.39/~login/index.html,phish
https://researchlab.co/user/profile/4394,legit
http://21.63.42.160/~admin/index.html&sess=9BAA86871EE7B3C17C62,phish
http://151.208.135.241/~verify/index.html,phish
http://140.212.42.211/~verify/index.html,phish
http://paypa1.com.top/secure-login,phish
http://payment-portalaccount.club/?id=938150,phish
http://31.20.53.246/~admin/index.html,phish
https://marketplace73.co/products/item43,legit
https://amazon.secure.example.top/signin.php?user=645,phish
https://schoolportal.gov/,legit
https://secure-verify.top/auth.php?token=nab87frboo703b95ohs7auigjd3x4yh5hoa7wkdp&redirect=http%3A%2F%2Fmalicious.com,phish
https://apple.login.example.cc/signin.php?user=844,phish
http://paypa1.com.online/secure-login,phish
https://travelguide27.io,legit
http://paypa1.com.biz/secure-login&sess=0A410455E735946BCD75,phish
http://189.248.54.233/~login/index.html&sess=905F3799824893A99A4F,phish
https://cityportal.org/,legit
https://greenmarket.io/about,legit
http://payment6-signin.cc/?id=248770,phish
https://homegoods.net/,legit
https://secure-bank.online/auth.php?token=58xz17924htpl131v0up5wt5fwk2jpkor3a1i10p&redirect=http%3A%2F%2Fphish.com&sess=CFD147F9F5C844D296DA,phish
https://secure-update.site/auth.php?token=08uwoxt118qzb6uxqrkuw2032lyxj2j4bo6gpn1m&redirect=http%3A%2F%2Flogin.com,phish
https://foodcorner.gov/search?q=product,legit
https://homegoods.org,legit
https://apple.secure.example.club/signin.php?user=534&sess=7BE0F8C67B01CD36F803,phish
http://servicesecure-login.site/?id=325767,phish
http://update77secure-login.biz/?id=638131&sess=D2FA4DBCBD706DB63CCA,phish
http://amaz0n.com.site/secure-login,phish
https://secure-bank.cc/auth.php?token=5bmabuhoqjku45pu2pitt8bo7jfm03tdv0iqf1g5&redirect=http%3A%2F%2Fmalicious.com&sess=4E67A751471C4FD134F1,phish
http://confirm-secure.secure-login.info/?id=793193,phish
https://microsoft.login.web.top/signin.php?user=263,phish
http://217.176.200.123/~admin/index.html,phish
https://mediapoint84.net/blog/276,legit
http://account-verify.top/?id=311363&sess=33E29DEE5442012310B5,phish
https://account-698.info/auth.php?token=nedyl7u4gp59z025ju26sphncasljsi3uduurwud&redirect=http%3A%2F%2Fphish.com,phish
https://secure-verify.club/auth.php?token=7wr2liu7cm600x28pijkemvg7ueln0lvgnp127ex&redirect=http%3A%2F%2Flogin.com&sess=7F7ED4CE577AF25E734D,phish
https://datasource57.edu/about,legit
http://update-account.top/?id=589368&sess=D708F31BA4331DB4207C,phish
https://studyonline.co,legit
https://streamline.gov/products/item56,legit
http://login-secure.secure-login.site/?id=953877,phish
http://micros0ft.com.site/secure-login,phish
https://openlibrary41.edu/products/item440,legit
https://techworld15.io/blog/61,legit
https://openlibrary.org/user/profile/1344,legit
https://secure-verify.top/auth.php?token=dr756ssx82ufl9mq11phlsqk7mehzs8f093fl0el&redirect=http%3A%2F%2Fphish.com,phish
https://techworld.com/,legit
https://community45.edu/user/profile/8855,legit
http://164.131.16.159/~admin/index.html,phish
https://greenmarket.net/blog/36,legit
https://cityportal66.org/products/item336,legit
https://doccenter.net/user/profile/3139,legit
http://paypa1.com.online/secure-login&sess=0ABDEC51AC12B1681F5F,phish
https://mediapoint.gov/user/profile/1478,legit
https://account-176.site/auth.php?token=y2nz7velfv46wysirrk1rd1zm4ix4zcrhyqnrm31&redirect=http%3A%2F%2Flogin.com,phish
https://learnhub.io,legit
https://schoolportal.net/blog/279,legit
https://learnhub.net/user/profile/8149,legit
https://schoolportal49.co/search?q=product,legit
http://219.243.121.131/~admin/index.html&sess=1E32C3E979AD88193E3D,phish
https://streamline37.gov/blog/206,legit
http://applle.com.info/secure-login&sess=70CB297FBA4EC9FC1A02,phish
https://paypal.secure.hosted.info/signin.php?user=633&sess=A522132F1737C2172162,phish
http://secure29-account.cc/?id=103890&sess=A86AB1974F836781B8BB,phish
https://account-727.site/auth.php?token=wqu08f874esdqc9pun6en1kq1yj94kic0giz3pxp&redirect=http%3A%2F%2Fphish.com,phish
https://bestshop.co/products/item552,legit
https://secure-update.site/auth.php?token=ipuv58ohcu0e0r3jss3t14lyf6nxxx5f6z61dhih&redirect=http%3A%2F%2Fphish.com,phish
https://schoolportal.gov/products,legit
https://marketplace29.gov,legit
https://community.co/search?q=product,legit
https://mediapoint71.com/products/item347,legit
https://cityportal31.net/products/item675,legit
https://community.com,legit
https://secure-update.cc/auth.php?token=glbd0xqtqv8elspj6sfas04lx5z3jufxh8p0mtz1&redirect=http%3A%2F%2Fmalicious.com&sess=2B9DA07D98BB686B2C68,phish
https://cityportal.edu/contact,legit
https://microsoft.verify.example.site/signin.php?user=835,phish
https://openlibrary.io,legit
https://facebook.verify.web.cc/signin.php?user=541,phish
https://schoolportal.io/products/item571,legit
https://amazon.account.example.biz/signin.php?user=710,phish
http://secure.signin.biz/?id=187184,phish
https://account-875.online/auth.php?token=11bkhsscrtp08iio1q3dzvwe8g358geejgbjxg56&redirect=http%3A%2F%2Flogin.com,phish
https://homegoods.io/search?q=product,legit
https://secure-update.biz/auth.php?token=6sqjy6reg857yyom0f6qepyohakc37wmfpta7ls9&redirect=http%3A%2F%2Fmalicious.com,phish
https://travelguide.gov/,legit
http://122.155.81.8/~login/index.html&sess=4AFD36C5853E761C3DC4,phish
https://cityportal.org/search?q=product,legit
https://healthcare.org/products,legit
https://secure-portal.online/auth.php?token=aacsm4v7b6ld8itbjqcu49bkb607zul867wc8rvg&redirect=http%3A%2F%2Flogin.com,phish
http://account.account.top/?id=514279,phish
https://apple.verify.example.info/signin.php?user=553,phish
https://marketplace78.net,legit
https://studyonline.com/user/profile/3815,legit
https://foodcorner.edu/contact,legit
http://210.36.32.218/~login/index.html,phish
http://payment-portal.verify.xyz/?id=507062&sess=2E4AC685CCD18EA90AF8,phish
https://bestshop.org/blog/197,legit
https://apple.login.hosted.xyz/signin.php?user=718,phish
https://foodcorner.co/about,legit
https://account-142.biz/auth.php?token=uxdoub5ynklowqdwol61va2j2buzrakmxe8qbt0n&redirect=http%3A%2F%2Flogin.com,phish
http://20.30.195.54/~admin/index.html,phish
https://streamline71.net/contact,legit
https://secure-update.online/auth.php?token=7a34mpyo2tla27f8lwvv59hotgduq6ddtbyrgc8k&redirect=http%3A%2F%2Fmalicious.com&sess=2C70CB21B97CD0513932,phish
https://learnhub22.gov/search?q=product,legit
https://schoolportal.io/about,legit
https://amazon.account.web.top/signin.php?user=581&sess=D2E1AEB3BCC3F8D5F5D9,phish
https://account-267.info/auth.php?token=lq6w67vzo05d8l8dj0ek3lnkoh67p7q4zd6aovl7&redirect=http%3A%2F%2Flogin.com,phish
http://micros0ft.com.club/secure-login&sess=051D6AE096E86CEFFA34,phish
https://homegoods11.org/,legit
https://greenmarket45.net,legit
https://cityportal.net/blog/128,legit
http://7.13.218.80/~verify/index.html,phish
http://micros0ft.com.xyz/secure-login,phish
https://artgallery.edu/products,legit
https://artgallery54.io/contact,legit
https://healthcare.io/products,legit
https://bestshop31.org/blog/59,legit
https://marketplace10.org/blog/287,legit
https://bank.login.example.online/signin.php?user=320,phish
http://applle.com.top/secure-login,phish
https://researchlab95.org/contact,legit
http://secure-portal.secure-login.online/?id=196485,phish
https://cityportal.co/contact,legit
https://foodcorner83.io/about,legit
https://openlibrary43.net/contact,legit
http://228.196.16.36/~login/index.html,phish
https://openlibrary67.io/blog/244,legit
https://healthcare21.io/about,legit
https://community36.com/blog/190,legit
http://71.148.52.203/~login/index.html&sess=74F3C9A466B6A7007126,phish
https://account-569.club/auth.php?token=n9hj67tm0zxo41oimjgz9aumhaqq0ewzfolsuczu&redirect=http%3A%2F%2Fphish.com&sess=003A4608EC8379DFA176,phish
https://account-696.info/auth.php?token=uifezac2exva5e742grrdnwt2fes5cs9ui14nijc&redirect=http%3A%2F%2Fphish.com&sess=480375C36846C3E60ABB,phish
http://webmail-secure-login.site/?id=848310,phish
https://marketplace.co/blog/114,legit
http://secure-secure.signin.online/?id=613071&sess=B0B3D8DC709604D95C07,phish
https://paypal.verify.web.online/signin.php?user=889,phish
https://paypal.verify.example.online/signin.php?user=448,phish
https://artgallery.co,legit
http://226.126.118.119/~verify/index.html,phish
http://bankingsignin.site/?id=923556,phish
https://apple.secure.example.site/signin.php?user=293,phish
https://paypal.login.example.biz/signin.php?user=352,phish
https://doccenter.net/products,legit
http://webmail55-secure-login.site/?id=285383&sess=EF4203C195B4D4038FD2,phish
https://account-948.site/auth.php?token=jfy4w8tr98w07fil3dvyjhmie8989gnctijh33ic&redirect=http%3A%2F%2Fphish.com&sess=9E76054160559598FD90,phish
https://techworld35.edu/user/profile/4594,legit
http://36.42.195.31/~admin/index.html,phish
http://65.143.19.148/~login/index.html&sess=87CC3EB43A6924B4ED39,phish
https://community.co/contact,legit
https://community.co,legit
http://191.6.195.72/~verify/index.html&sess=212A5A82F0F869D598DF,phish
http://verify-secure.secure-login.site/?id=646271,phish
https://secure.login.hosted.xyz/signin.php?user=304&sess=ACA31469048ED6044F27,phish
https://marketplace57.com/products,legit
https://travelguide70.co/user/profile/1009,legit
https://foodcorner66.net/,legit
https://doccenter.org/,legit
https://healthcare.org,legit
https://learnhub.org/contact,legit
https://secure.login.web.xyz/signin.php?user=297&sess=678E7BE6151F5D711E33,phish
https://bestshop.edu/blog/193,legit
https://artgallery.com/products/item495,legit
http://244.244.184.239/~admin/index.html,phish
https://homegoods98.co/,legit
https://homegoods.com/products/item76,legit
https://travelguide.net,legit
http://confirm.signin.cc/?id=818598,phish
https://datasource23.io/products/item904,legit
https://account-309.biz/auth.php?token=t0d9tzhhnbavekvqhmie22tw1bytxza43holdu7j&redirect=http%3A%2F%2Fphish.com,phish
https://schoolportal.com/user/profile/6927,legit
https://account-913.online/auth.php?token=jd3vurr6cg1s2lqsqbbx5nwd0jfneo2s9nblgu0t&redirect=http%3A%2F%2Fmalicious.com&sess=07236A3498CBEAB07B22,phish
http://payment-secureverify.online/?id=487479,phish
https://streamline76.net/contact,legit
https://studyonline.com/blog/129,legit
https://streamline.io/products/item187,legit
https://doccenter51.gov/blog/168,legit
https://foodcorner32.io/about,legit
https://techworld57.edu/products,legit
https://learnhub.io/products/item52,legit
https://datasource.net/blog/292,legit
http://payment-onlinesignin.site/?id=479878&sess=F83D751AEB1F84EFE72C,phish
https://artgallery81.net/,legit
http://paypa1.com.xyz/secure-login,phish
https://studyonline.org/about,legit
https://doccenter.gov/search?q=product,legit
https://healthcare.gov/about,legit
http://42.202.66.11/~verify/index.html,phish
https://healthcare.org/search?q=product,legit
https://healthcare.io/blog/285,legit
https://www.google.com,phish